customer_id,offer_id,received_time,difficulty,duration,offer_type,in_email,in_mobile,in_social,in_web,offer_received,offer_viewed,offer_completed,target,completion_time,time_to_action,became_member_on,gender,age,income,membership_year,is_demographics_missing,age_group,income_bracket,became_member_date,membership_duration_days,membership_month,tenure_group,prediction,prediction_label,completion_probability,non_completion_probability,segment,recommended_strategy
dd4ee5ff6gg7,off104,1,0.0,4.0,informational,1.0,1.0,0.0,1.0,1,0,0,0,,,20180918,F,25,31000.0,2018,0,18-30,Low,2018-09-18,85,9,0-6 months,0,Will Not Complete,0.0,1.0,New Customer,"**Strategy:**

For new customer [Customer Name] (0% completion), the strategy is a high-touch welcome to establish trust and value. Highlight this informational offer's *zero difficulty* and *zero cost* as a quick, valuable starter benefit, positioning it as a gateway to personalized value.

Send a clear, friendly, personalized message (email/app notification) emphasizing the immediate, easy benefit: ""Discover [key insight] in minutes to save time/money â€“ your first step to getting more from us!"" Use the 4-day window with one gentle, value-focused reminder. Upon completion, immediately provide a 'thank you' and clearly signpost the next relevant, easy-to-access benefit or tailored content, reinforcing positive engagement for future interactions, especially relevant for her low income."
jj0kk1ll2mm3,off110,1,0.0,4.0,informational,0.0,1.0,1.0,0.0,1,0,0,0,,,20170427,F,83,44000.0,2017,0,76+,Low,2017-04-27,560,4,1-2 years,0,Will Not Complete,0.0,1.0,New Customer,"For [Customer Name], as a ""New Customer"" segment with 0% offer completion, our strategy is a personalized, high-touch re-engagement.

Given her age (83), low income, and the informational offer's 0.0 difficulty, we will deliver a *very clear, concise communication* (e.g., a simple direct mailer or easily navigable email) that explicitly highlights the offer's ease and *direct, practical benefit* to her (e.g., ""simple tips for [relevant benefit]""). We'll emphasize there's zero cost or commitment.

Crucially, we'll proactive offer easily accessible human support (e.g., a dedicated phone line, personal call) to guide her through accessing the information, addressing any potential digital barriers. This 'white glove' approach builds trust, overcomes prior disengagement, converts the 0% probability, and ensures she feels supported in completing the offer within the 4-day window."
pp6qq7rr8ss9,off116,1,0.0,4.0,informational,0.0,1.0,1.0,0.0,1,0,0,0,,,20170315,F,67,86000.0,2017,0,61-75,Very High,2017-03-15,640,3,1-2 years,0,Will Not Complete,0.0,1.0,Other/Missing Gender - Small Segment,"For this established, high-income customer with 0% completion probability, deploy a highly personalized, direct communication. Emphasize the informational offer's extreme ease and minimal time commitment (e.g., ""unlock valuable insight in minutes, no effort required"").

Frame the content as an exclusive, timely benefit, appealing to her desire for efficiency and valuable knowledge, aligning with her good performer status. Clearly articulate the specific, high-value insight or advantage the information provides. Leverage her 1-2 year tenure by positioning this as another trusted resource from a brand she knows. Create subtle urgency for the 4-day window by highlighting the fleeting opportunity for this effortless gain. The message must be concise, reassuring simplicity, and focused on the clear, personal reward."
